Source,Titre,Label
LeMonde,"Article réservé à nos abonnés Au procès des viols de Mazan, la défense plaide la manipulation : « On reproche à ces hommes de ne pas avoir imaginé l’inimaginable »",societe
LeMonde,"En Corée du Sud, le président Yoon Suk Yeol lâché par son propre parti, l’opposition campe dans le Parlement",monde
LeMonde,"Après l’incendie « délibéré » d’une synagogue à Melbourne, deux suspects recherchés",monde
LeMonde,Le point sur la guerre en Ukraine : nouvelle attaque nocturne de drones russes sur plusieurs régions,europe
LeMonde,"Article réservé à nos abonnés Au procès des viols de Mazan, les étranges leçons de féminisme de la défense : « Ce n’est pas le procès de la culture du viol, ni du patriarcat. Ce n’est pas la justice qui fera l’éducation de nos fils »",societe
LeMonde,"Article réservé à nos abonnés Emmanuel Macron a tenté de rassurer, mais refuse d’assumer « les responsabilités des autres » après la censure du gouvernement",politique
LeMonde,La NASA reporte à 2027 le retour de ses astronautes sur la Lune,monde
LeMonde,Un enseignant d’école élémentaire des Yvelines condamné à de la prison ferme pour des attouchements sur deux élèves,societe
LeMonde,Euro féminin de handball : la France vient difficilement à bout d’une Roumanie accrocheuse,sports
LeMonde,Article réservé à nos abonnés Réouverture de Notre-Dame de Paris : cinq documentaires à voir en replay,culture
BFMTV,Et les artistes les plus écoutés de France en 2024 sont...,culture
BFMTV,La Suède et le Danemark achètent plus de 200 véhicules blindés de combats,europe
BFMTV,La sénatrice Agnès Evren n'exclut pas de faire évoluer la position des LR pour faire barrage au RN et à LFI,politique
BFMTV,L’OM a recruté un ancien arbitre de Ligue 1,sports
BFMTV,Var: un homme poignardé à quatre reprises dans un hôtel à Saint-Raphaël,societe
BFMTV,"Le podcast Canapé six places de Lena Situations
""Canapé six places"", le podcast de Lena Situations, est le plus écouté de l'année 2024 sur Spotify France",culture
BFMTV,États-Unis: la police new-yorkaise offre 10.000 dollars pour toute information sur l'homme qui aurait tiré sur le patron d'un géant de l'assurance,monde
BFMTV,"Météo Alsace: un ciel partagé entre nuages et éclaircies, jusqu'à 11°C à Colmar",meteo
BFMTV,Des radars anti-bruit sanctionneront les véhicules dépassant les 85 décibels à partir de 2025,societe
BFMTV,Corée du Sud: le parti du président Yoon demande son départ,monde
